,Name,City,State_x,Location,Acceptance_Rate,Price,Average_Salary_After_10_Years,Graduation_Rate,Student_Population,University_Type,room_board_expense,student_faculty_ratio,Zip,State_y,Latitude,Longitude,Timezone,Daylight savings time flag,geopoint
0,University of Alabama at Birmingham,Birmingham,AL,"Birmingham, AL",0.737,27630.0,46400.0,0.55,21923.0,Public,11682.0,19.0,35203,AL,33.519055,-86.8097,-6,1,"33.519055,-86.8097"
158,Birmingham Southern College,Birmingham,AL,"Birmingham, AL",0.5379999999999999,35090.0,51000.0,0.63,1268.0,Private,11920.0,13.0,35203,AL,33.519055,-86.8097,-6,1,"33.519055,-86.8097"
237,Samford University,Birmingham,AL,"Birmingham, AL",0.833,49634.0,57400.0,0.7,5619.0,Private,9830.0,12.0,35203,AL,33.519055,-86.8097,-6,1,"33.519055,-86.8097"
316,The University of Alabama,Tuscaloosa,AL,"Tuscaloosa, AL",0.8270000000000001,30016.0,49900.0,0.66,38390.0,Public,13050.0,23.0,35404,AL,33.217168,-87.49461,-6,1,"33.217168,-87.49461"
336,Auburn University at Montgomery,Montgomery,AL,"Montgomery, AL",0.904,20650.0,37900.0,0.21,5211.0,Public,5650.0,16.0,36131,AL,32.233377000000004,-86.208528,-6,1,"32.233377,-86.208528"
430,Huntingdon College,Montgomery,AL,"Montgomery, AL",0.593,38685.0,42400.0,0.43,1081.0,Private,9100.0,15.0,36131,AL,32.233377000000004,-86.208528,-6,1,"32.233377,-86.208528"
477,Auburn University,Auburn University,AL,"Auburn University, AL",0.807,32196.0,54100.0,0.72,30440.0,Public,12898.0,19.0,36849,AL,32.602434,-85.4858,-6,1,"32.602434,-85.4858"
479,University of Mobile,Mobile,AL,"Mobile, AL",0.457,40110.0,38200.0,0.43,1885.0,Private,9600.0,14.0,36663,AL,30.81901,-88.231726,-6,1,"30.81901,-88.231726"
522,University of South Alabama,Mobile,AL,"Mobile, AL",0.787,22412.0,45200.0,0.37,14834.0,Public,7340.0,18.0,36663,AL,30.81901,-88.231726,-6,1,"30.81901,-88.231726"
608,Spring Hill College,Mobile,AL,"Mobile, AL",0.498,59062.0,48700.0,0.56,1379.0,Private,12690.0,14.0,36663,AL,30.81901,-88.231726,-6,1,"30.81901,-88.231726"
651,University of Montevallo,Montevallo,AL,"Montevallo, AL",0.532,27718.0,36000.0,0.45,2612.0,Public,8980.0,14.0,35715,AL,33.08696,-86.855772,-6,1,"33.08696,-86.855772"
655,Troy University,Troy,AL,"Troy, AL",0.8759999999999999,21778.0,39400.0,0.34,16981.0,Public,6528.0,14.0,59935,MT,48.671585,-115.86200000000001,-7,1,"48.671585,-115.862"
723,Rensselaer Polytechnic Institute,Troy,NY,"Troy, NY",0.474,73816.0,82500.0,0.82,7895.0,Private,,13.0,59935,MT,48.671585,-115.86200000000001,-7,1,"48.671585,-115.862"
757,University of Arizona,Tucson,AZ,"Tucson, AZ",0.846,30041.0,54000.0,0.61,44097.0,Public,11300.0,15.0,85752,AZ,31.970131,-111.89071299999999,-7,0,"31.970131,-111.890713"
861,Lyon College,Batesville,AR,"Batesville, AR",0.444,42450.0,43900.0,0.42,655.0,Private,8440.0,13.0,22924,VA,38.000289,-78.72662,-5,1,"38.000289,-78.72662"
867,University of Arkansas,Fayetteville,AR,"Fayetteville, AR",0.7709999999999999,26144.0,50400.0,0.62,27778.0,Public,10332.0,18.0,13066,NY,43.028515999999996,-76.00876,-5,1,"43.028516,-76.00876"
909,University of Central Arkansas,Conway,AR,"Conway, AR",0.904,23903.0,40800.0,0.45,11177.0,Public,6248.0,16.0,29527,SC,33.801049,-79.1148,-5,1,"33.801049,-79.1148"
937,Hendrix College,Conway,AR,"Conway, AR",0.7,64060.0,46200.0,0.71,1208.0,Private,11580.0,11.0,29527,SC,33.801049,-79.1148,-5,1,"33.801049,-79.1148"
951,Harding University,Searcy,AR,"Searcy, AR",0.613,31911.0,44800.0,0.63,5121.0,Private,6756.0,14.0,72143,AR,35.239022,-91.73776,-6,1,"35.239022,-91.73776"
954,John Brown University,Siloam Springs,AR,"Siloam Springs, AR",0.758,40774.0,53600.0,0.61,2516.0,Private,8840.0,14.0,72761,AR,36.179905,-94.50208,-6,1,"36.179905,-94.50208"
955,Ouachita Baptist University,Arkadelphia,AR,"Arkadelphia, AR",0.614,40200.0,43400.0,0.61,1660.0,Private,7380.0,12.0,71999,AR,34.055486,-93.189406,-6,1,"34.055486,-93.189406"
958,Azusa Pacific University,Azusa,CA,"Azusa, CA",0.675,56826.0,54200.0,0.68,10095.0,Private,9492.0,10.0,91702,CA,34.128907,-117.90308999999999,-8,1,"34.128907,-117.90309"
959,Biola University,La Mirada,CA,"La Mirada, CA",0.6990000000000001,59176.0,48900.0,0.69,6109.0,Private,10560.0,14.0,90638,CA,33.90213,-118.00966000000001,-8,1,"33.90213,-118.00966"
962,California Baptist University,Riverside,CA,"Riverside, CA",0.7829999999999999,50228.0,45100.0,0.58,10486.0,Private,8210.0,17.0,2915,RI,41.7695,-71.35564000000001,-5,1,"41.7695,-71.35564"
993,La Sierra University,Riverside,CA,"Riverside, CA",0.552,47883.0,51900.0,0.5,2339.0,Private,8100.0,13.0,2915,RI,41.7695,-71.35564000000001,-5,1,"41.7695,-71.35564"
1024,California Institute of Technology,Pasadena,CA,"Pasadena, CA",0.064,74763.0,85800.0,0.91,2233.0,Private,14100.0,3.0,91131,CA,33.786594,-118.29866200000001,-8,1,"33.786594,-118.298662"
1065,California Lutheran University,Thousand Oaks,CA,"Thousand Oaks, CA",0.7140000000000001,64270.0,57900.0,0.66,4383.0,Private,13060.0,16.0,91358,CA,34.032383,-119.1343,-8,1,"34.032383,-119.1343"
1068,Chapman University,Orange,CA,"Orange, CA",0.557,75112.0,54100.0,0.77,9608.0,Private,14368.0,14.0,92867,CA,33.811566,-117.82919,-8,1,"33.811566,-117.82919"
1088,Claremont McKenna College,Claremont,CA,"Claremont, CA",0.10300000000000001,76475.0,97800.0,0.91,1327.0,Private,15740.0,8.0,57432,SD,45.674523,-98.01846,-6,1,"45.674523,-98.01846"
1095,Harvey Mudd College,Claremont,CA,"Claremont, CA",0.13699999999999998,79539.0,84900.0,0.91,902.0,Private,17051.0,8.0,57432,SD,45.674523,-98.01846,-6,1,"45.674523,-98.01846"
1102,Pomona College,Claremont,CA,"Claremont, CA",0.07400000000000001,74480.0,70500.0,0.94,1573.0,Private,15605.0,7.0,57432,SD,45.674523,-98.01846,-6,1,"45.674523,-98.01846"
1109,Scripps College,Claremont,CA,"Claremont, CA",0.32,77588.0,59300.0,0.89,1071.0,Private,15682.0,10.0,57432,SD,45.674523,-98.01846,-6,1,"45.674523,-98.01846"
1116,Dominican University of California,San Rafael,CA,"San Rafael, CA",0.9129999999999999,67943.0,58400.0,0.63,1779.0,Private,13650.0,9.0,94915,CA,38.07392,-122.55944,-8,1,"38.07392,-122.55944"
1123,Fresno Pacific University,Fresno,CA,"Fresno, CA",0.6609999999999999,47196.0,43600.0,0.58,4292.0,Private,8060.0,12.0,93844,CA,36.746375,-119.63965800000001,-8,1,"36.746375,-119.639658"
1185,Humboldt State University,Arcata,CA,"Arcata, CA",0.922,25344.0,39000.0,0.45,7972.0,Public,12638.0,21.0,95518,CA,40.881383,-123.984232,-8,1,"40.881383,-123.984232"
1191,University of La Verne,La Verne,CA,"La Verne, CA",0.5479999999999999,64050.0,52000.0,0.61,8064.0,Private,12890.0,15.0,91750,CA,34.117047,-117.77096999999999,-8,1,"34.117047,-117.77097"
1192,Loyola Marymount University,Los Angeles,CA,"Los Angeles, CA",0.43799999999999994,70446.0,65700.0,0.78,9838.0,Private,13015.0,10.0,90094,CA,33.786594,-118.29866200000001,-8,1,"33.786594,-118.298662"
1293,Occidental College,Los Angeles,CA,"Los Angeles, CA",0.36700000000000005,76600.0,56600.0,0.86,1930.0,Private,14460.0,9.0,90094,CA,33.786594,-118.29866200000001,-8,1,"33.786594,-118.298662"
1394,University of Southern California,Los Angeles,CA,"Los Angeles, CA",0.114,77459.0,85500.0,0.92,47310.0,Private,14348.0,9.0,90094,CA,33.786594,-118.29866200000001,-8,1,"33.786594,-118.298662"
1495,Mills College,Oakland,CA,"Oakland, CA",0.758,48839.0,44400.0,0.69,1257.0,Private,13528.0,10.0,2858,RI,41.961859999999994,-71.64661,-5,1,"41.96186,-71.64661"
1540,Pacific Union College,Angwin,CA,"Angwin, CA",0.5329999999999999,44811.0,59200.0,0.45,1062.0,Private,7920.0,13.0,94508,CA,38.568307,-122.45083999999999,-8,1,"38.568307,-122.45084"
1541,University of the Pacific,Stockton,CA,"Stockton, CA",0.6559999999999999,68684.0,81400.0,0.63,6493.0,Private,12858.0,13.0,95212,CA,38.038906,-121.24213,-8,1,"38.038906,-121.24213"
1572,Pepperdine University,Malibu,CA,"Malibu, CA",0.317,75312.0,71700.0,0.84,7961.0,Private,14330.0,14.0,90265,CA,34.051056,-118.80768,-8,1,"34.051056,-118.80768"
1575,Point Loma Nazarene University,San Diego,CA,"San Diego, CA",0.737,53290.0,53500.0,0.74,4592.0,Private,9950.0,14.0,92168,CA,33.016928,-116.846046,-8,1,"33.016928,-116.846046"
1657,San Diego State University,San Diego,CA,"San Diego, CA",0.341,30522.0,53400.0,0.67,35303.0,Public,14812.0,28.0,92168,CA,33.016928,-116.846046,-8,1,"33.016928,-116.846046"
1821,University of San Diego,San Diego,CA,"San Diego, CA",0.48700000000000004,70999.0,70200.0,0.78,9073.0,Private,12302.0,14.0,92168,CA,33.016928,-116.846046,-8,1,"33.016928,-116.846046"
1903,University of Redlands,Redlands,CA,"Redlands, CA",0.764,71338.0,56400.0,0.71,4598.0,Private,13480.0,12.0,92374,CA,34.063264000000004,-117.16888,-8,1,"34.063264,-117.16888"
1906,San Francisco State University,San Francisco,CA,"San Francisco, CA",0.6729999999999999,26987.0,52600.0,0.51,29778.0,Public,13882.0,23.0,94122,CA,37.758379999999995,-122.48478,-8,1,"37.75838,-122.48478"
2048,University of San Francisco,San Francisco,CA,"San Francisco, CA",0.644,71092.0,70400.0,0.71,10713.0,Private,13990.0,13.0,94122,CA,37.758379999999995,-122.48478,-8,1,"37.75838,-122.48478"
2119,William Jessup University,Rocklin,CA,"Rocklin, CA",0.65,52338.0,40100.0,0.6,1695.0,Private,10650.0,12.0,95765,CA,38.817993,-121.2631,-8,1,"38.817993,-121.2631"
2121,San Jose State University,San Jose,CA,"San Jose, CA",0.636,30065.0,59900.0,0.54,35400.0,Public,14867.0,27.0,95190,CA,37.189396,-121.705327,-8,1,"37.189396,-121.705327"
2249,Santa Clara University,Santa Clara,CA,"Santa Clara, CA",0.488,74829.0,81900.0,0.85,8642.0,Private,13965.0,11.0,84765,UT,37.136936999999996,-113.64916000000001,-7,1,"37.136937,-113.64916"
2258,Simpson University,Redding,CA,"Redding, CA",0.523,46150.0,38200.0,0.51,834.0,Private,7950.0,11.0,96002,CA,40.539302,-122.33278999999999,-8,1,"40.539302,-122.33279"
2265,Sonoma State University,Rohnert Park,CA,"Rohnert Park, CA",0.912,28268.0,49300.0,0.57,9459.0,Public,13146.0,24.0,94928,CA,38.347174,-122.69537,-8,1,"38.347174,-122.69537"
2269,Thomas Aquinas College,Santa Paula,CA,"Santa Paula, CA",0.789,38164.0,45700.0,0.8,407.0,Private,7950.0,10.0,93060,CA,34.367474,-119.07316999999999,-8,1,"34.367474,-119.07317"
2271,Westmont College,Santa Barbara,CA,"Santa Barbara, CA",0.648,64240.0,54600.0,0.77,1277.0,Private,13510.0,10.0,93190,CA,34.262834000000005,-119.848555,-8,1,"34.262834,-119.848555"
2288,Whittier College,Whittier,CA,"Whittier, CA",0.5710000000000001,65668.0,47400.0,0.66,1852.0,Private,12902.0,11.0,90606,CA,33.978312,-118.06778,-8,1,"33.978312,-118.06778"
2301,University of Colorado Denver,Denver,CO,"Denver, CO",0.6729999999999999,30154.0,68200.0,0.43,25645.0,Public,,17.0,80251,CO,39.738752000000005,-104.408349,-7,1,"39.738752,-104.408349"
2465,University of Denver,Denver,CO,"Denver, CO",0.5870000000000001,70092.0,63400.0,0.77,11952.0,Private,12021.0,11.0,80251,CO,39.738752000000005,-104.408349,-7,1,"39.738752,-104.408349"
2547,Regis University,Denver,CO,"Denver, CO",0.71,55508.0,57900.0,0.67,7907.0,Private,10210.0,13.0,80251,CO,39.738752000000005,-104.408349,-7,1,"39.738752,-104.408349"
2629,University of Colorado Colorado Springs,Colorado Springs,CO,"Colorado Springs, CO",0.872,25904.0,46400.0,0.46,13123.0,Public,9900.0,16.0,80918,CO,38.916226,-104.76602,-7,1,"38.916226,-104.76602"
2731,University of Colorado Boulder,Boulder,CO,"Boulder, CO",0.784,31034.0,56900.0,0.71,36681.0,Public,13590.0,18.0,80309,CO,40.087835,-105.373507,-7,1,"40.087835,-105.373507"
2769,Colorado School of Mines,Golden,CO,"Golden, CO",0.531,36652.0,90500.0,0.76,6325.0,Public,11477.0,16.0,38847,MS,34.428899,-88.22646999999999,-6,1,"34.428899,-88.22647"
2787,Fort Lewis College,Durango,CO,"Durango, CO",0.914,25374.0,39000.0,0.39,3319.0,Public,10904.0,15.0,81301,CO,37.295888,-107.84945,-7,1,"37.295888,-107.84945"
2797,University of Northern Colorado,Greeley,CO,"Greeley, CO",0.9079999999999999,25459.0,44600.0,0.47,13437.0,Public,10770.0,18.0,18425,PA,41.419115999999995,-75.00683000000001,-5,1,"41.419116,-75.00683"
2819,Fairfield University,Fairfield,CT,"Fairfield, CT",0.5710000000000001,67860.0,77100.0,0.81,5273.0,Private,13860.0,12.0,68938,NE,40.425264,-98.10956999999999,-6,1,"40.425264,-98.10957"
2847,University of Hartford,West Hartford,CT,"West Hartford, CT",0.763,59249.0,49600.0,0.54,6770.0,Private,11986.0,10.0,5084,VT,43.720826,-72.43372,-5,1,"43.720826,-72.43372"
2848,University of New Haven,West Haven,CT,"West Haven, CT",0.83,60038.0,52300.0,0.52,6867.0,Private,15130.0,16.0,6516,CT,41.272147,-72.96495999999999,-5,1,"41.272147,-72.96496"
2849,Trinity College,Hartford,CT,"Hartford, CT",0.335,76850.0,71500.0,0.85,2235.0,Private,13680.0,9.0,6126,CT,41.791776,-72.71883199999999,-5,1,"41.791776,-72.718832"
2900,United States Coast Guard Academy,New London,CT,"New London, Connecticut",0.205,0.0,,,1071.0,Public,,7.0,28127,NC,35.463024,-80.1649,-5,1,"35.463024,-80.1649"
2911,Yale University,New Haven,CT,"New Haven, CT",0.061,76645.0,118400.0,0.96,13433.0,Private,15170.0,6.0,6515,CT,41.327996999999996,-72.96902,-5,1,"41.327997,-72.96902"
2947,University of Delaware,Newark,DE,"Newark, DE",0.7140000000000001,30288.0,61300.0,0.79,24120.0,Public,12068.0,15.0,7175,NJ,40.79185,-74.24524100000001,-5,1,"40.79185,-74.245241"
3037,New Jersey Institute of Technology,Newark,NJ,"Newark, NJ",0.728,38574.0,67200.0,0.6,11423.0,Public,,17.0,7175,NJ,40.79185,-74.24524100000001,-5,1,"40.79185,-74.245241"
3082,American University,Washington,DC,"Washington, DC",0.361,67694.0,64800.0,0.81,14311.0,Private,15698.0,11.0,20069,DC,38.893311,-77.014647,-5,1,"38.893311,-77.014647"
3388,George Washington University,Washington,DC,"Washington, DC",0.408,74160.0,80500.0,0.81,28172.0,Private,12500.0,13.0,20069,DC,38.893311,-77.014647,-5,1,"38.893311,-77.014647"
3694,Georgetown University,Washington,DC,"Washington, DC",0.14400000000000002,76280.0,118900.0,0.94,19204.0,Private,14962.0,11.0,20069,DC,38.893311,-77.014647,-5,1,"38.893311,-77.014647"
4000,Howard University,Washington,DC,"Washington, DC",0.361,45971.0,51800.0,0.6,9139.0,Private,13280.0,8.0,20069,DC,38.893311,-77.014647,-5,1,"38.893311,-77.014647"
4306,University of Central Florida,Orlando,FL,"Orlando, FL",0.444,22548.0,48900.0,0.7,68475.0,Public,9764.0,30.0,32828,FL,28.542132000000002,-81.18404,-5,1,"28.542132,-81.18404"
4436,Eckerd College,Saint Petersburg,FL,"Saint Petersburg, FL",0.674,63572.0,48400.0,0.65,2006.0,Private,11336.0,12.0,33741,FL,27.891809000000002,-82.724763,-5,1,"27.891809,-82.724763"
4469,Florida Agricultural and Mechanical University,Tallahassee,FL,"Tallahassee, FL",0.35700000000000004,23433.0,43600.0,0.39,10021.0,Public,10058.0,16.0,32312,FL,30.554434000000004,-84.25979,-5,1,"30.554434,-84.25979"
4503,Florida State University,Tallahassee,FL,"Tallahassee, FL",0.36,22446.0,51400.0,0.79,41005.0,Public,10304.0,22.0,32312,FL,30.554434000000004,-84.25979,-5,1,"30.554434,-84.25979"
4537,Florida Atlantic University,Boca Raton,FL,"Boca Raton, FL",0.633,25459.0,46200.0,0.48,29772.0,Public,12006.0,24.0,33486,FL,26.344955,-80.11225999999999,-5,1,"26.344955,-80.11226"
4567,Florida Institute of Technology,Melbourne,FL,"Melbourne, FL",0.657,60150.0,62600.0,0.56,6271.0,Private,13610.0,15.0,32935,FL,28.139259999999997,-80.65077,-5,1,"28.13926,-80.65077"
4580,Florida International University,Miami,FL,"Miami, FL",0.575,23865.0,49900.0,0.56,57942.0,Public,10846.0,27.0,33193,FL,25.70028,-80.44721,-5,1,"25.70028,-80.44721"
4788,Florida Southern College,Lakeland,FL,"Lakeland, FL",0.521,53600.0,42700.0,0.61,3154.0,Private,10680.0,15.0,33810,FL,28.106787,-82.01033000000001,-5,1,"28.106787,-82.01033"
4804,Southeastern University,Lakeland,FL,"Lakeland, FL",,42330.0,35700.0,0.41,8755.0,Private,9724.0,17.0,33810,FL,28.106787,-82.01033000000001,-5,1,"28.106787,-82.01033"
4820,University of Florida,Gainesville,FL,"Gainesville, FL",0.366,21211.0,62600.0,0.87,52218.0,Public,9910.0,19.0,32635,FL,29.681312,-82.353862,-5,1,"29.681312,-82.353862"
4882,Jacksonville University,Jacksonville,FL,"Jacksonville, FL",0.917,56400.0,54800.0,0.41,4213.0,Private,13550.0,11.0,14854,NY,42.50632,-76.608222,-5,1,"42.50632,-76.608222"
4951,University of North Florida,Jacksonville,FL,"Jacksonville, FL",0.723,21379.0,47200.0,0.55,16776.0,Public,9772.0,18.0,14854,NY,42.50632,-76.608222,-5,1,"42.50632,-76.608222"
5089,Nova Southeastern University,Fort Lauderdale,FL,"Fort Lauderdale, FL",0.8009999999999999,52967.0,53300.0,0.45,20435.0,Private,11540.0,17.0,33303,FL,26.196911,-80.09516500000001,-5,1,"26.196911,-80.095165"
5135,The University of Tampa,Tampa,FL,"Tampa, FL",0.447,46758.0,51800.0,0.59,9333.0,Private,10196.0,17.0,33620,FL,28.062960999999998,-82.41314,-5,1,"28.062961,-82.41314"
5197,The University of West Florida,Pensacola,FL,"Pensacola, FL",0.31,20322.0,41200.0,0.49,12847.0,Public,9354.0,21.0,32598,FL,30.614279999999997,-87.275772,-6,1,"30.61428,-87.275772"
5273,Berry College,Mount Berry,GA,"Mount Berry, GA",0.706,53540.0,41700.0,0.63,2014.0,Private,11730.0,11.0,30149,GA,34.280355,-85.182085,-5,1,"34.280355,-85.182085"
5274,Covenant College,Lookout Mountain,GA,"Lookout Mountain, GA",0.982,49420.0,45600.0,0.6,1046.0,Private,9630.0,13.0,37350,TN,34.998375,-85.34865,-5,1,"34.998375,-85.34865"
5276,Emmanuel College,Boston,MA,"Boston, MA",0.7809999999999999,60243.0,50600.0,0.64,2209.0,Private,7200.0,14.0,2196,MA,42.338947,-70.919635,-5,1,"42.338947,-70.919635"
5394,Boston University,Boston,MA,"Boston, MA",0.18899999999999997,75002.0,72000.0,0.85,34657.0,Private,,10.0,2196,MA,42.338947,-70.919635,-5,1,"42.338947,-70.919635"
5453,Emerson College,Boston,MA,"Boston, MA",0.33299999999999996,72222.0,49200.0,0.8,4573.0,Private,,15.0,2196,MA,42.338947,-70.919635,-5,1,"42.338947,-70.919635"
5512,Northeastern University,Boston,MA,"Boston, MA",0.18100000000000002,73236.0,69500.0,0.83,21627.0,Private,,14.0,2196,MA,42.338947,-70.919635,-5,1,"42.338947,-70.919635"
5571,Emory University,Atlanta,GA,"Atlanta, GA",0.156,72604.0,81500.0,0.89,14458.0,Private,13486.0,9.0,68923,NE,40.370382,-99.47144,-6,1,"40.370382,-99.47144"
5692,Georgia State University,Atlanta,GA,"Atlanta, GA",0.7609999999999999,29725.0,46200.0,0.54,34316.0,Public,14084.0,23.0,68923,NE,40.370382,-99.47144,-6,1,"40.370382,-99.47144"
5934,Morehouse College,Atlanta,GA,"Atlanta, GA",0.998,48500.0,48000.0,0.52,2206.0,Private,13322.0,12.0,68923,NE,40.370382,-99.47144,-6,1,"40.370382,-99.47144"
6055,Oglethorpe University,Atlanta,GA,"Atlanta, GA",0.6759999999999999,56930.0,49800.0,0.52,1264.0,Private,12710.0,16.0,68923,NE,40.370382,-99.47144,-6,1,"40.370382,-99.47144"
6176,Spelman College,Atlanta,GA,"Atlanta, GA",0.434,54310.0,51300.0,0.75,2171.0,Private,12795.0,11.0,68923,NE,40.370382,-99.47144,-6,1,"40.370382,-99.47144"
6297,Georgia Southern University,Statesboro,GA,"Statesboro, GA",0.545,23497.0,44800.0,0.51,26408.0,Public,9800.0,21.0,30458,GA,32.423083,-81.80677,-5,1,"32.423083,-81.80677"
6305,University of Georgia,Athens,GA,"Athens, GA",0.45299999999999996,27450.0,56400.0,0.85,38652.0,Public,9616.0,17.0,35614,AL,34.860178999999995,-87.06231,-6,1,"34.860179,-87.06231"
6363,LaGrange College,Lagrange,GA,"Lagrange, GA",0.488,47360.0,44500.0,0.49,1029.0,Private,11440.0,11.0,30261,GA,33.04567,-85.04899499999999,-5,1,"33.04567,-85.048995"
6370,Mercer University,Macon,GA,"Macon, GA",0.742,53822.0,57300.0,0.62,8740.0,Private,11106.0,13.0,27551,NC,36.474897999999996,-78.04505,-5,1,"36.474898,-78.04505"
6399,Piedmont College,Demorest,GA,"Demorest, GA",0.54,41650.0,41000.0,0.48,2449.0,Private,9400.0,10.0,30544,GA,34.593092,-83.562922,-5,1,"34.593092,-83.562922"
6401,Savannah College of Art and Design,Savannah,GA,"Savannah, GA",0.9590000000000001,58961.0,39800.0,0.66,14086.0,Private,13905.0,20.0,38372,TN,35.180946999999996,-88.18946,-6,1,"35.180947,-88.18946"
6428,Shorter University,Rome,GA,"Rome, GA",0.603,35130.0,49300.0,0.46,1452.0,Private,9400.0,14.0,30165,GA,34.281423,-85.23825,-5,1,"34.281423,-85.23825"
6443,Young Harris College,Young Harris,GA,"Young Harris, GA",0.647,44142.0,39100.0,0.48,1425.0,Private,10464.0,11.0,30582,GA,34.954638,-83.86484,-5,1,"34.954638,-83.86484"
6444,Chaminade University of Honolulu,Honolulu,HI,"Honolulu, HI",0.9470000000000001,44331.0,41300.0,0.48,2150.0,Private,12690.0,11.0,96807,HI,24.859832,-168.021815,-10,0,"24.859832,-168.021815"
6489,University of Hawaii at Manoa,Honolulu,HI,"Honolulu, HI",0.585,29823.0,49300.0,0.57,17710.0,Public,13030.0,12.0,96807,HI,24.859832,-168.021815,-10,0,"24.859832,-168.021815"
6579,Hawaii Pacific University,Honolulu,HI,"Honolulu, HI",0.748,49640.0,51100.0,0.46,4086.0,Private,13898.0,12.0,96807,HI,24.859832,-168.021815,-10,0,"24.859832,-168.021815"
6624,University of Hawaii at Hilo,Hilo,HI,"Hilo, HI",0.516,20672.0,38100.0,0.39,3406.0,Public,10418.0,12.0,96720,HI,19.713562,-155.09842,-10,0,"19.713562,-155.09842"
6628,Boise Bible College,Boise,ID,"Boise, ID",0.9470000000000001,24258.0,29900.0,0.48,110.0,Private,6450.0,11.0,83712,ID,43.595763,-116.16367,-7,1,"43.595763,-116.16367"
6665,Boise State University,Boise,ID,"Boise, ID",0.774,24300.0,41600.0,0.37,25504.0,Public,7780.0,17.0,83712,ID,43.595763,-116.16367,-7,1,"43.595763,-116.16367"
6739,University of Idaho,Moscow,ID,"Moscow, ID",0.778,21820.0,46900.0,0.58,11841.0,Public,8354.0,14.0,49257,MI,42.054795,-84.503905,-5,1,"42.054795,-84.503905"
6761,Northwest Nazarene University,Nampa,ID,"Nampa, ID",,42990.0,43000.0,0.51,2201.0,Private,6800.0,15.0,83687,ID,43.590212,-116.53781000000001,-7,1,"43.590212,-116.53781"
6766,School of the Art Institute of Chicago,Chicago,IL,"Chicago, IL",0.57,69880.0,39100.0,0.6,3639.0,Private,13640.0,10.0,60613,IL,41.953256,-87.6629,-6,1,"41.953256,-87.6629"
6851,University of Chicago,Chicago,IL,"Chicago, IL",0.062,81531.0,98500.0,0.92,17002.0,Private,15093.0,5.0,60613,IL,41.953256,-87.6629,-6,1,"41.953256,-87.6629"
6936,University of Illinois at Chicago,Chicago,IL,"Chicago, IL",0.727,31381.0,61900.0,0.6,31683.0,Public,11342.0,19.0,60613,IL,41.953256,-87.6629,-6,1,"41.953256,-87.6629"
7106,Illinois Institute of Technology,Chicago,IL,"Chicago, IL",0.602,68262.0,79300.0,0.69,6753.0,Private,12818.0,12.0,60613,IL,41.953256,-87.6629,-6,1,"41.953256,-87.6629"
7191,Loyola University Chicago,Chicago,IL,"Chicago, IL",0.672,63123.0,59800.0,0.74,17007.0,Private,13770.0,14.0,60613,IL,41.953256,-87.6629,-6,1,"41.953256,-87.6629"
7276,Roosevelt University,Chicago,IL,"Chicago, IL",0.6729999999999999,49699.0,46600.0,0.34,4329.0,Private,12927.0,11.0,60613,IL,41.953256,-87.6629,-6,1,"41.953256,-87.6629"
7361,Saint Xavier University,Chicago,IL,"Chicago, IL",0.726,49064.0,49000.0,0.51,3667.0,Private,11060.0,14.0,60613,IL,41.953256,-87.6629,-6,1,"41.953256,-87.6629"
7446,Aurora University,Aurora,IL,"Aurora, IL",0.867,38798.0,42900.0,0.57,6005.0,Private,9366.0,18.0,80047,CO,39.738752000000005,-104.408349,-7,1,"39.738752,-104.408349"
7486,Wells College,Aurora,NY,"Aurora, NY",0.8320000000000001,46850.0,39500.0,0.52,471.0,Private,,8.0,80047,CO,39.738752000000005,-104.408349,-7,1,"39.738752,-104.408349"
7526,Blackburn College,Carlinville,IL,"Carlinville, IL",0.5710000000000001,33260.0,40400.0,0.4,566.0,Private,7364.0,11.0,62626,IL,39.280289,-89.8757,-6,1,"39.280289,-89.8757"
7527,Bradley University,Peoria,IL,"Peoria, IL",0.7020000000000001,48990.0,56800.0,0.74,5882.0,Private,10010.0,12.0,61643,IL,40.744178999999995,-89.718401,-6,1,"40.744179,-89.718401"
7569,Eastern Illinois University,Charleston,IL,"Charleston, IL",0.525,24653.0,43500.0,0.59,7526.0,Public,9546.0,14.0,25334,WV,38.296818,-81.55465500000001,-5,1,"38.296818,-81.554655"
7713,Elmhurst College,Elmhurst,IL,"Elmhurst, IL",0.6779999999999999,52049.0,50200.0,0.7,3426.0,Private,9928.0,14.0,11380,NY,40.651378,-73.870779,-5,1,"40.651378,-73.870779"
7717,Eureka College,Eureka,IL,"Eureka, IL",0.618,39620.0,38800.0,0.52,567.0,Private,9100.0,13.0,59917,MT,48.840305,-114.99727,-7,1,"48.840305,-114.99727"
7729,Greenville College,Greenville,IL,"Greenville, IL",0.561,41322.0,40300.0,0.52,1132.0,Private,9016.0,11.0,29606,SC,34.849745,-82.453779,-5,1,"34.849745,-82.453779"
7781,East Carolina University,Greenville,NC,"Greenville, NC",0.787,22388.0,43900.0,0.6,28718.0,Public,,19.0,29606,SC,34.849745,-82.453779,-5,1,"34.849745,-82.453779"
7833,Benedictine University,Lisle,IL,"Lisle, IL",0.41700000000000004,50006.0,52800.0,0.52,4940.0,Private,9200.0,11.0,13797,NY,42.335102,-76.02313000000001,-5,1,"42.335102,-76.02313"
7835,Illinois Wesleyan University,Bloomington,IL,"Bloomington, IL",0.608,63840.0,60500.0,0.82,1693.0,Private,10178.0,10.0,61710,IL,40.477734999999996,-88.954174,-6,1,"40.477735,-88.954174"
7860,Illinois State University,Normal,IL,"Normal, IL",0.8190000000000001,31124.0,49000.0,0.72,20635.0,Public,9850.0,18.0,35762,AL,34.733964,-86.522913,-6,1,"34.733964,-86.522913"
7866,Lewis University,Romeoville,IL,"Romeoville, IL",0.639,47980.0,51500.0,0.64,6440.0,Private,10320.0,13.0,60446,IL,41.64273,-88.09934,-6,1,"41.64273,-88.09934"
7867,McKendree University,Lebanon,IL,"Lebanon, IL",0.633,45110.0,48300.0,0.56,2494.0,Private,9200.0,14.0,97355,OR,44.527304,-122.85512,-8,1,"44.527304,-122.85512"
7891,Millikin University,Decatur,IL,"Decatur, IL",0.713,51972.0,47100.0,0.61,2094.0,Private,11190.0,10.0,62523,IL,39.844086,-88.95326999999999,-6,1,"39.844086,-88.95327"
7920,Monmouth College,Monmouth,IL,"Monmouth, IL",0.667,51270.0,46000.0,0.57,914.0,Private,8300.0,11.0,61462,IL,40.918849,-90.64466,-6,1,"40.918849,-90.64466"
7925,North Central College,Naperville,IL,"Naperville, IL",0.536,54326.0,48900.0,0.65,2928.0,Private,10356.0,14.0,60540,IL,41.764779,-88.14579,-6,1,"41.764779,-88.14579"
7931,Northwestern University,Evanston,IL,"Evanston, IL",0.091,78654.0,89800.0,0.93,22127.0,Private,15489.0,6.0,60208,IL,42.058628999999996,-87.684506,-6,1,"42.058629,-87.684506"
7940,Olivet Nazarene University,Bourbonnais,IL,"Bourbonnais, IL",0.578,48770.0,42600.0,0.59,4655.0,Private,7900.0,17.0,60914,IL,41.170442,-87.86891,-6,1,"41.170442,-87.86891"
7941,Quincy University,Quincy,IL,"Quincy, IL",0.618,43100.0,45500.0,0.51,1086.0,Private,10500.0,14.0,98848,WA,47.18227,-119.85868,-8,1,"47.18227,-119.85868"
7958,Dominican University,River Forest,IL,"River Forest, IL",0.643,47541.0,48000.0,0.61,2990.0,Private,9652.0,10.0,60330,IL,41.882081,-87.821359,-6,1,"41.882081,-87.821359"
7960,University of St Francis,Joliet,IL,"Joliet, IL",0.456,47810.0,50600.0,0.61,3927.0,Private,9084.0,13.0,60435,IL,41.54338,-88.11963,-6,1,"41.54338,-88.11963"
7967,University of Illinois at Springfield,Springfield,IL,"Springfield, IL",0.768,25473.0,47500.0,0.48,4575.0,Public,9600.0,13.0,62716,IL,39.848201,-89.536369,-6,1,"39.848201,-89.536369"
8189,Drury University,Springfield,MO,"Springfield, MO",0.644,42259.0,35400.0,0.59,1730.0,Private,,14.0,62716,IL,39.848201,-89.536369,-6,1,"39.848201,-89.536369"
8300,Central Bible College,Springfield,MO,"Springfield, Missouri",,19404.0,,,,Private,,,62716,IL,39.848201,-89.536369,-6,1,"39.848201,-89.536369"
8411,Trinity Christian College,Palos Heights,IL,"Palos Heights, IL",0.691,45025.0,44700.0,0.6,1131.0,Private,9580.0,10.0,60463,IL,41.663548,-87.79148,-6,1,"41.663548,-87.79148"
8412,Wheaton College,Wheaton,IL,"Wheaton, IL",0.848,51130.0,54300.0,0.89,2944.0,Private,9560.0,10.0,60187,IL,41.858278999999996,-88.10904000000001,-6,1,"41.858279,-88.10904"
8422,Anderson University,Anderson,SC,"Anderson, SC",0.687,44374.0,37500.0,0.5,3429.0,Private,9550.0,10.0,77830,TX,30.536223,-96.0229,-6,1,"30.536223,-96.0229"
8460,Butler University,Indianapolis,IN,"Indianapolis, IN",0.732,61950.0,68400.0,0.77,5495.0,Private,12947.0,11.0,46275,IN,39.779492,-86.132837,-5,0,"39.779492,-86.132837"
8520,University of Indianapolis,Indianapolis,IN,"Indianapolis, IN",0.9279999999999999,46020.0,43800.0,0.54,5935.0,Private,9648.0,13.0,46275,IN,39.779492,-86.132837,-5,0,"39.779492,-86.132837"
8580,Marian University,Indianapolis,IN,"Indianapolis, IN",0.615,50968.0,44800.0,0.55,3592.0,Private,9720.0,14.0,46275,IN,39.779492,-86.132837,-5,0,"39.779492,-86.132837"
8640,DePauw University,Greencastle,IN,"Greencastle, IN",0.644,66946.0,61000.0,0.81,2156.0,Private,12240.0,9.0,46135,IN,39.652374,-86.87361,-5,0,"39.652374,-86.87361"
8642,Earlham College,Richmond,IN,"Richmond, IN",0.634,61265.0,39100.0,0.7,1104.0,Private,9570.0,10.0,23274,VA,37.524246000000005,-77.493157,-5,1,"37.524246,-77.493157"
8722,Eastern Kentucky University,Richmond,KY,"Richmond, KY",0.938,24352.0,37900.0,0.41,15815.0,Public,8666.0,16.0,23274,VA,37.524246000000005,-77.493157,-5,1,"37.524246,-77.493157"
8802,University of Evansville,Evansville,IN,"Evansville, IN",0.7070000000000001,53676.0,46000.0,0.67,2443.0,Private,11690.0,11.0,47741,IN,37.997128000000004,-87.574963,-6,1,"37.997128,-87.574963"
8844,University of Southern Indiana,Evansville,IN,"Evansville, IN",0.9329999999999999,21820.0,38800.0,0.41,10986.0,Public,8896.0,17.0,47741,IN,37.997128000000004,-87.574963,-6,1,"37.997128,-87.574963"
8928,Franklin College,Franklin,IN,"Franklin, IN",0.813,47414.0,45300.0,0.61,982.0,Private,9355.0,11.0,37065,TN,35.895084999999995,-86.92141600000001,-6,1,"35.895085,-86.921416"
8963,Goshen College,Goshen,IN,"Goshen, IN",0.63,48890.0,40400.0,0.69,927.0,Private,10300.0,11.0,46527,IN,41.597739000000004,-85.858076,-5,0,"41.597739,-85.858076"
8979,Hanover College,Hanover,IN,"Hanover, IN",0.648,53400.0,48600.0,0.68,1104.0,Private,10850.0,13.0,49241,MI,42.107907,-84.60334,-5,1,"42.107907,-84.60334"
8998,Dartmouth College,Hanover,NH,"Hanover, NH",0.079,77152.0,104000.0,0.95,6572.0,Private,,7.0,49241,MI,42.107907,-84.60334,-5,1,"42.107907,-84.60334"
9017,Huntington University,Huntington,IN,"Huntington, IN",0.755,38974.0,36600.0,0.62,1302.0,Private,8456.0,12.0,25703,WV,38.421443,-82.41924,-5,1,"38.421443,-82.41924"
9065,Indiana Wesleyan University,Marion,IN,"Marion, IN",0.67,39532.0,54300.0,0.61,3188.0,Private,8148.0,14.0,57043,SD,43.422579999999996,-97.29026,-6,1,"43.42258,-97.29026"
9093,University of Notre Dame,Notre Dame,IN,"Notre Dame, IN",0.158,74193.0,89800.0,0.96,12607.0,Private,14358.0,10.0,46556,IN,41.701415000000004,-86.24498,-5,0,"41.701415,-86.24498"
9094,Saint Mary's College,Notre Dame,IN,"Notre Dame, IN",,,,,,Unknown,11720.0,9.0,46556,IN,41.701415000000004,-86.24498,-5,0,"41.701415,-86.24498"
9095,Taylor University,Upland,IN,"Upland, IN",0.6809999999999999,48755.0,41300.0,0.76,2195.0,Private,8845.0,13.0,91785,CA,34.839964,-115.967051,-8,1,"34.839964,-115.967051"
9100,Trine University,Angola,IN,"Angola, IN",0.816,48620.0,46400.0,0.55,4320.0,Private,10350.0,14.0,14006,NY,42.633375,-79.04567,-5,1,"42.633375,-79.04567"
9103,Valparaiso University,Valparaiso,IN,"Valparaiso, IN",0.858,56900.0,54000.0,0.67,3786.0,Private,10920.0,12.0,46385,IN,41.484652000000004,-87.11269,-6,1,"41.484652,-87.11269"
9108,Wabash College,Crawfordsville,IN,"Crawfordsville, IN",0.642,58770.0,62800.0,0.73,882.0,Private,9600.0,10.0,72327,AR,35.232817,-90.33123,-6,1,"35.232817,-90.33123"
9118,Buena Vista University,Storm Lake,IA,"Storm Lake, IA",0.574,48375.0,41200.0,0.48,1846.0,Private,9304.0,9.0,50588,IA,42.646924,-95.1807,-6,1,"42.646924,-95.1807"
9119,Central College,Pella,IA,"Pella, IA",0.6509999999999999,53402.0,48000.0,0.67,1117.0,Private,9980.0,12.0,50219,IA,41.411394,-92.91126,-6,1,"41.411394,-92.91126"
9120,Clarke University,Dubuque,IA,"Dubuque, IA",0.9390000000000001,49360.0,42800.0,0.65,1004.0,Private,9200.0,8.0,52001,IA,42.515252000000004,-90.6794,-6,1,"42.515252,-90.6794"
9125,Emmaus Bible College,Dubuque,IA,"Dubuque, IA",,29950.0,31700.0,0.79,238.0,Private,7100.0,10.0,52001,IA,42.515252000000004,-90.6794,-6,1,"42.515252,-90.6794"
9130,Loras College,Dubuque,IA,"Dubuque, IA",0.753,46754.0,49200.0,0.67,1489.0,Private,7700.0,12.0,52001,IA,42.515252000000004,-90.6794,-6,1,"42.515252,-90.6794"
9135,Cornell College,Mount Vernon,IA,"Mount Vernon, IA",0.618,60337.0,45400.0,0.67,1028.0,Private,8900.0,11.0,10553,NY,40.909288000000004,-73.8215,-5,1,"40.909288,-73.8215"
9158,Dordt College,Sioux Center,IA,"Sioux Center, IA",0.755,46400.0,43300.0,0.67,1564.0,Private,8730.0,14.0,51250,IA,43.075142,-96.19039000000001,-6,1,"43.075142,-96.19039"
9159,Drake University,Des Moines,IA,"Des Moines, IA",0.6759999999999999,58488.0,68500.0,0.77,4869.0,Private,9850.0,11.0,50364,IA,41.672686999999996,-93.57217299999999,-6,1,"41.672687,-93.572173"
9219,Grinnell College,Grinnell,IA,"Grinnell, IA",0.231,70746.0,59500.0,0.88,1716.0,Private,11980.0,9.0,50177,IA,41.685742,-92.532032,-6,1,"41.685742,-92.532032"
9222,Iowa State University,Ames,IA,"Ames, IA",0.9209999999999999,21940.0,53700.0,0.7,34992.0,Public,8356.0,19.0,50010,IA,42.02933,-93.60965999999999,-6,1,"42.02933,-93.60966"
9238,University of Iowa,Iowa City,IA,"Iowa City, IA",0.826,24806.0,59800.0,0.71,31656.0,Public,10108.0,16.0,52244,IA,41.572682,-91.661901,-6,1,"41.572682,-91.661901"
9250,Luther College,Decorah,IA,"Decorah, IA",0.623,57885.0,50000.0,0.79,2005.0,Private,8500.0,11.0,52101,IA,43.345879,-91.77186999999999,-6,1,"43.345879,-91.77187"
9251,University of Northern Iowa,Cedar Falls,IA,"Cedar Falls, IA",0.79,21294.0,47700.0,0.66,11187.0,Public,8629.0,18.0,50614,IA,42.469768,-92.309475,-6,1,"42.469768,-92.309475"
9257,Northwestern College,Orange City,IA,"Orange City, IA",0.695,45900.0,38400.0,0.65,1299.0,Private,8900.0,12.0,32763,FL,28.945857,-81.30512,-5,1,"28.945857,-81.30512"
9319,Bethel University,Saint Paul,MN,"Saint Paul, MN",0.785,53200.0,50100.0,0.74,3692.0,Private,,11.0,55165,MN,45.005902,-93.105869,-6,1,"45.005902,-93.105869"
9378,Hamline University,Saint Paul,MN,"Saint Paul, MN",0.677,55256.0,55100.0,0.64,3526.0,Private,,13.0,55165,MN,45.005902,-93.105869,-6,1,"45.005902,-93.105869"
9437,Macalester College,Saint Paul,MN,"Saint Paul, MN",0.32299999999999995,71053.0,54100.0,0.9,2174.0,Private,,10.0,55165,MN,45.005902,-93.105869,-6,1,"45.005902,-93.105869"
9496,University of St Thomas,Saint Paul,MN,"Saint Paul, MN",0.805,60458.0,62000.0,0.74,10035.0,Private,,14.0,55165,MN,45.005902,-93.105869,-6,1,"45.005902,-93.105869"
9555,St Catherine University,Saint Paul,MN,"Saint Paul, MN",0.6729999999999999,53634.0,50100.0,0.58,4859.0,Private,,10.0,55165,MN,45.005902,-93.105869,-6,1,"45.005902,-93.105869"
9614,Saint Ambrose University,Davenport,IA,"Davenport, IA",0.768,47438.0,48300.0,0.6,3045.0,Private,9869.0,12.0,52807,IA,41.565433,-90.53924,-6,1,"41.565433,-90.53924"
9632,Simpson College,Indianola,IA,"Indianola, IA",0.805,54008.0,48000.0,0.7,1444.0,Private,7963.0,11.0,38751,MS,33.45139,-90.65824,-6,1,"33.45139,-90.65824"
9639,Upper Iowa University,Fayette,IA,"Fayette, IA",0.513,45237.0,42100.0,0.4,4392.0,Private,8120.0,17.0,52142,IA,42.834286,-91.79794,-6,1,"42.834286,-91.79794"
9646,Wartburg College,Waverly,IA,"Waverly, IA",0.7509999999999999,55610.0,48100.0,0.7,1498.0,Private,9460.0,11.0,45690,OH,39.123071,-83.0009,-5,1,"39.123071,-83.0009"
9665,Baker University,Baldwin City,KS,"Baldwin City, KS",0.88,44530.0,56000.0,0.59,2769.0,Private,8230.0,7.0,66006,KS,38.789719,-95.21058000000001,-6,1,"38.789719,-95.21058"
9666,Benedictine College,Atchison,KS,"Atchison, KS",0.971,46380.0,42600.0,0.64,2124.0,Private,9560.0,13.0,66002,KS,39.553785999999995,-95.13472,-6,1,"39.553786,-95.13472"
9667,Friends University,Wichita,KS,"Wichita, KS",0.45799999999999996,42874.0,46500.0,0.38,1926.0,Private,7590.0,10.0,67227,KS,37.62812,-97.491566,-6,1,"37.62812,-97.491566"
9707,Newman University,Wichita,KS,"Wichita, KS",0.675,45784.0,46400.0,0.49,3373.0,Private,7674.0,11.0,67227,KS,37.62812,-97.491566,-6,1,"37.62812,-97.491566"
9747,Wichita State University,Wichita,KS,"Wichita, KS",0.917,25438.0,43800.0,0.44,15778.0,Public,9853.0,20.0,67227,KS,37.62812,-97.491566,-6,1,"37.62812,-97.491566"
9787,Kansas Wesleyan University,Salina,KS,"Salina, KS",0.606,42820.0,42500.0,0.37,741.0,Private,8600.0,12.0,84654,UT,38.915721999999995,-111.72893,-7,1,"38.915722,-111.72893"
9792,Pittsburg State University,Pittsburg,KS,"Pittsburg, KS",0.956,20252.0,43600.0,0.49,6625.0,Public,7572.0,18.0,74560,OK,34.66625,-95.78885,-6,1,"34.66625,-95.78885"
9801,University of Saint Mary,Leavenworth,KS,"Leavenworth, KS",0.84,42940.0,41200.0,0.38,1254.0,Private,7940.0,9.0,66048,KS,39.298776000000004,-94.93555,-6,1,"39.298776,-94.93555"
9804,Asbury University,Wilmore,KY,"Wilmore, KY",0.644,42800.0,39500.0,0.65,1940.0,Private,6748.0,13.0,40390,KY,37.85743,-84.66069,-5,1,"37.85743,-84.66069"
9808,Bellarmine University,Louisville,KY,"Louisville, KY",0.662,59690.0,50300.0,0.67,3369.0,Private,11820.0,12.0,40280,KY,38.246721,-85.685261,-5,1,"38.246721,-85.685261"
9885,University of Louisville,Louisville,KY,"Louisville, KY",0.693,28898.0,45200.0,0.53,21430.0,Public,8130.0,15.0,40280,KY,38.246721,-85.685261,-5,1,"38.246721,-85.685261"
9962,Centre College,Danville,KY,"Danville, KY",0.764,56910.0,52500.0,0.84,1434.0,Private,9950.0,11.0,40423,KY,37.624659,-84.84576700000001,-5,1,"37.624659,-84.845767"
9988,University of the Cumberlands,Williamsburg,KY,"Williamsburg, KY",0.8,24265.0,36700.0,0.36,13472.0,Private,9000.0,17.0,47393,IN,39.953627000000004,-84.99542,-5,0,"39.953627,-84.99542"
10004,Georgetown College,Georgetown,KY,"Georgetown, KY",0.633,53518.0,46300.0,0.56,1608.0,Private,9050.0,11.0,80444,CO,39.694915,-105.7258,-7,1,"39.694915,-105.7258"
10032,Kentucky Wesleyan College,Owensboro,KY,"Owensboro, KY",0.624,42355.0,38500.0,0.4,830.0,Private,8480.0,13.0,42301,KY,37.753347,-87.17419,-6,1,"37.753347,-87.17419"
10036,University of Kentucky,Lexington,KY,"Lexington, KY",0.9590000000000001,30928.0,51000.0,0.62,29182.0,Public,12184.0,17.0,40585,KY,38.028269,-84.47150500000001,-5,1,"38.028269,-84.471505"
10110,Transylvania University,Lexington,KY,"Lexington, KY",0.897,54080.0,48700.0,0.72,987.0,Private,9860.0,11.0,40585,KY,38.028269,-84.47150500000001,-5,1,"38.028269,-84.471505"
10184,Morehead State University,Morehead,KY,"Morehead, KY",0.7759999999999999,22832.0,34400.0,0.41,10195.0,Public,8892.0,18.0,40351,KY,38.19056,-83.4321,-5,1,"38.19056,-83.4321"
10185,Murray State University,Murray,KY,"Murray, KY",0.8240000000000001,23694.0,40400.0,0.5,9454.0,Public,8588.0,15.0,83874,ID,47.626188,-115.83203999999999,-8,1,"47.626188,-115.83204"
10189,Union College,Schenectady,NY,"Schenectady, NY",0.429,73410.0,74200.0,0.87,2197.0,Private,7250.0,15.0,12307,NY,42.804076,-73.93571,-5,1,"42.804076,-73.93571"
10378,Nebraska Wesleyan University,Lincoln,NE,"Lincoln, NE",0.6779999999999999,50236.0,51800.0,0.66,2095.0,Private,,11.0,68521,NE,40.855645,-96.71298,-6,1,"40.855645,-96.71298"
10430,Centenary College of Louisiana,Shreveport,LA,"Shreveport, LA",0.598,55300.0,52500.0,0.53,585.0,Private,12980.0,9.0,71120,LA,32.607556,-93.75256,-6,1,"32.607556,-93.75256"
10464,Louisiana Tech University,Ruston,LA,"Ruston, LA",0.6409999999999999,22341.0,48600.0,0.52,11909.0,Public,5925.0,24.0,71273,LA,32.606535,-92.648384,-6,1,"32.606535,-92.648384"
10467,Loyola University New Orleans,New Orleans,LA,"New Orleans, LA",0.75,57020.0,50600.0,0.64,4261.0,Private,12464.0,11.0,70143,LA,30.032996999999998,-89.882564,-6,1,"30.032997,-89.882564"
10533,University of New Orleans,New Orleans,LA,"New Orleans, LA",0.555,23816.0,42700.0,0.34,8151.0,Public,9730.0,22.0,70143,LA,30.032996999999998,-89.882564,-6,1,"30.032997,-89.882564"
10599,Xavier University of Louisiana,New Orleans,LA,"New Orleans, LA",0.6,38485.0,61700.0,0.42,3231.0,Private,,14.0,70143,LA,30.032996999999998,-89.882564,-6,1,"30.032997,-89.882564"
10665,McNeese State University,Lake Charles,LA,"Lake Charles, LA",0.807,22256.0,44000.0,0.41,7647.0,Public,8014.0,21.0,70605,LA,30.165907,-93.24905,-6,1,"30.165907,-93.24905"
10676,Northwestern State University of Louisiana,Natchitoches,LA,"Natchitoches, LA",0.82,23867.0,38100.0,0.38,11081.0,Public,8930.0,16.0,71458,LA,31.747563,-93.07905500000001,-6,1,"31.747563,-93.079055"
10679,Colby College,Waterville,ME,"Waterville, ME",0.09699999999999999,73600.0,73400.0,0.92,2000.0,Private,,10.0,13480,NY,42.922823,-75.36494,-5,1,"42.922823,-75.36494"
10689,University of Maine,Orono,ME,"Orono, ME",0.902,25604.0,46700.0,0.58,11404.0,Public,,16.0,4469,ME,45.002798,-68.63343,-5,1,"45.002798,-68.63343"
10691,Maine Maritime Academy,Castine,ME,"Castine, ME",0.45299999999999996,28208.0,100300.0,0.64,997.0,Public,,13.0,4420,ME,44.412968,-68.798047,-5,1,"44.412968,-68.798047"
10693,University of New England,Biddeford,ME,"Biddeford, ME",0.8440000000000001,57310.0,53800.0,0.61,8010.0,Private,,13.0,4007,ME,43.45813,-70.505301,-5,1,"43.45813,-70.505301"
10695,Capitol College,Laurel,MD,"Laurel, MD",0.8340000000000001,43862.0,70100.0,0.37,743.0,Private,,16.0,50141,IA,41.88053,-92.95464,-6,1,"41.88053,-92.95464"
10714,Johns Hopkins University,Baltimore,MD,"Baltimore, MD",0.11199999999999999,74028.0,85800.0,0.93,26152.0,Private,,7.0,21280,MD,39.284707,-76.620489,-5,1,"39.284707,-76.620489"
10766,Maryland Institute College of Art,Baltimore,MD,"Baltimore, MD",0.639,67075.0,40300.0,0.73,2178.0,Private,,8.0,21280,MD,39.284707,-76.620489,-5,1,"39.284707,-76.620489"
10818,Notre Dame of Maryland University,Baltimore,MD,"Baltimore, MD",0.617,53480.0,52700.0,0.56,2371.0,Private,,7.0,21280,MD,39.284707,-76.620489,-5,1,"39.284707,-76.620489"
10870,Mount St Mary's University,Emmitsburg,MD,"Emmitsburg, MD",,,,,,Unknown,,12.0,21727,MD,39.695328,-77.32721,-5,1,"39.695328,-77.32721"
10871,St John's College,Annapolis,MD,"Annapolis, MD",,,,,,Unknown,,7.0,21404,MD,38.974203,-76.594942,-5,1,"38.974203,-76.594942"
10881,United States Naval Academy,Annapolis,MD,"Annapolis, Maryland",0.083,0.0,,,4512.0,Public,,8.0,21404,MD,38.974203,-76.594942,-5,1,"38.974203,-76.594942"
10907,Towson University,Towson,MD,"Towson, MD",0.763,27474.0,53500.0,0.69,22923.0,Public,,17.0,21204,MD,39.405606,-76.62648,-5,1,"39.405606,-76.62648"
10909,Amherst College,Amherst,MA,"Amherst, MA",0.113,76750.0,82000.0,0.95,1855.0,Private,,8.0,24521,VA,37.616606,-79.08763,-5,1,"37.616606,-79.08763"
10920,Babson College,Wellesley,MA,"Wellesley, MA",0.264,72378.0,108500.0,0.89,3357.0,Private,,13.0,2181,MA,42.300596,-71.27875,-5,1,"42.300596,-71.27875"
10922,Wellesley College,Wellesley,MA,"Wellesley, MA",0.21600000000000003,75198.0,68100.0,0.92,2534.0,Private,,7.0,2181,MA,42.300596,-71.27875,-5,1,"42.300596,-71.27875"
10924,Bentley University,Waltham,MA,"Waltham, MA",0.467,71320.0,87200.0,0.89,5460.0,Private,,11.0,2154,MA,42.388938,-71.2398,-5,1,"42.388938,-71.2398"
10931,Brandeis University,Waltham,MA,"Waltham, MA",0.299,76141.0,66700.0,0.89,5800.0,Private,,10.0,2154,MA,42.388938,-71.2398,-5,1,"42.388938,-71.2398"
10938,Boston College,Chestnut Hill,MA,"Chestnut Hill, MA",0.272,75886.0,90900.0,0.92,14720.0,Private,,13.0,2167,MA,42.320797,-71.169847,-5,1,"42.320797,-71.169847"
10940,Gordon College,Wenham,MA,"Wenham, MA",0.74,52100.0,45300.0,0.7,1955.0,Private,,11.0,1984,MA,42.600518,-70.87618,-5,1,"42.600518,-70.87618"
10941,Harvard University,Cambridge,MA,"Cambridge, MA",0.046,73800.0,136700.0,0.98,31566.0,Private,,7.0,69022,NE,40.317358,-100.17857,-6,1,"40.317358,-100.17857"
10960,Massachusetts Institute of Technology,Cambridge,MA,"Cambridge, MA",0.067,73160.0,142100.0,0.92,11574.0,Private,,3.0,69022,NE,40.317358,-100.17857,-6,1,"40.317358,-100.17857"
10979,College of Our Lady of the Elms,Chicopee,MA,"Chicopee, MA",0.7509999999999999,54166.0,46300.0,0.73,1531.0,Private,,12.0,1020,MA,42.175992,-72.57265,-5,1,"42.175992,-72.57265"
10984,Tufts University,Medford,MA,"Medford, MA",0.15,76200.0,83100.0,0.93,11586.0,Private,,9.0,55049,MN,44.172277,-93.23924,-6,1,"44.172277,-93.23924"
10993,Williams College,Williamstown,MA,"Williamstown, MA",0.126,75520.0,73600.0,0.95,2149.0,Private,,6.0,45897,OH,40.834233000000005,-83.65288000000001,-5,1,"40.834233,-83.65288"
11003,Adrian College,Adrian,MI,"Adrian, MI",0.5589999999999999,54829.0,39900.0,0.55,1856.0,Private,,13.0,26210,WV,38.900064,-80.26795,-5,1,"38.900064,-80.26795"
11013,Albion College,Albion,MI,"Albion, MI",0.688,62155.0,55600.0,0.69,1533.0,Private,,12.0,50005,IA,42.116477,-93.00357,-6,1,"42.116477,-93.00357"
11027,Alma College,Alma,MI,"Alma, MI",0.624,55820.0,48300.0,0.61,1433.0,Private,,12.0,36501,AL,31.463967999999998,-87.73883000000002,-6,1,"31.463968,-87.73883"
11040,Andrews University,Berrien Springs,MI,"Berrien Springs, MI",0.67,41658.0,43700.0,0.56,3407.0,Private,,10.0,49104,MI,42.001551,-86.715294,-5,1,"42.001551,-86.715294"
11042,Aquinas College,Nashville,TN,"Nashville, TN",0.40399999999999997,37231.0,48600.0,0.26,342.0,Private,,12.0,49073,MI,42.588988,-85.124,-5,1,"42.588988,-85.124"
11126,Calvin College,Grand Rapids,MI,"Grand Rapids, MI",0.769,50900.0,47000.0,0.74,3732.0,Private,,12.0,49509,MI,42.905877000000004,-85.70392,-5,1,"42.905877,-85.70392"
11156,Cornerstone University,Grand Rapids,MI,"Grand Rapids, MI",0.7759999999999999,38150.0,38800.0,0.54,2131.0,Private,,15.0,49509,MI,42.905877000000004,-85.70392,-5,1,"42.905877,-85.70392"
11186,Central Michigan University,Mount Pleasant,MI,"Mount Pleasant, MI",0.695,25368.0,44500.0,0.57,21622.0,Public,,20.0,29466,SC,32.876020000000004,-79.79148,-5,1,"32.87602,-79.79148"
11203,University of Detroit Mercy,Detroit,MI,"Detroit, MI",0.775,42648.0,52600.0,0.59,5111.0,Private,,10.0,48219,MI,42.425236,-83.24902,-5,1,"42.425236,-83.24902"
11259,Wayne State University,Detroit,MI,"Detroit, MI",0.731,27486.0,51000.0,0.34,27025.0,Public,,14.0,48219,MI,42.425236,-83.24902,-5,1,"42.425236,-83.24902"
11315,Eastern Michigan University,Ypsilanti,MI,"Ypsilanti, MI",0.741,27566.0,41600.0,0.38,19123.0,Public,,17.0,58497,ND,46.770483,-98.56496,-6,1,"46.770483,-98.56496"
11318,Ferris State University,Big Rapids,MI,"Big Rapids, MI",0.866,23651.0,47000.0,0.42,13250.0,Public,,16.0,49307,MI,43.697651,-85.47815,-5,1,"43.697651,-85.47815"
11319,Kettering University,Flint,MI,"Flint, MI",0.73,58080.0,76000.0,0.56,2315.0,Private,,15.0,48502,MI,43.014077,-83.69012,-5,1,"43.014077,-83.69012"
11339,Grand Valley State University,Allendale,MI,"Allendale, MI",0.83,25040.0,44600.0,0.66,24677.0,Public,,16.0,64420,MO,40.478118,-94.423294,-6,1,"40.478118,-94.423294"
11344,Hope College,Holland,MI,"Holland, MI",0.857,48680.0,47500.0,0.78,3149.0,Private,,11.0,1521,MA,42.054676,-72.16136999999999,-5,1,"42.054676,-72.16137"
11356,Lawrence Technological University,Southfield,MI,"Southfield, MI",0.7929999999999999,51846.0,59800.0,0.5,2915.0,Private,,11.0,1259,MA,42.0645,-73.24674,-5,1,"42.0645,-73.24674"
11362,Madonna University,Livonia,MI,"Livonia, MI",0.746,38600.0,42400.0,0.56,3044.0,Private,,13.0,14487,NY,42.809908,-77.65301,-5,1,"42.809908,-77.65301"
11370,Michigan State University,East Lansing,MI,"East Lansing, MI",0.711,29130.0,60000.0,0.78,50351.0,Public,,16.0,48825,MI,42.723784,-84.464775,-5,1,"42.723784,-84.464775"
11374,Michigan Technological University,Houghton,MI,"Houghton, MI",0.743,30542.0,66000.0,0.64,7172.0,Public,,13.0,14744,NY,42.426885,-78.19509000000001,-5,1,"42.426885,-78.19509"
11379,Houghton College,Houghton,NY,"Houghton, NY",0.807,46876.0,44300.0,0.74,1001.0,Private,,11.0,14744,NY,42.426885,-78.19509000000001,-5,1,"42.426885,-78.19509"
11384,Spring Arbor University,Spring Arbor,MI,"Spring Arbor, MI",0.657,42470.0,42600.0,0.53,3436.0,Private,,11.0,49283,MI,42.203838,-84.55243,-5,1,"42.203838,-84.55243"
11385,Western Michigan University,Kalamazoo,MI,"Kalamazoo, MI",0.799,27071.0,48900.0,0.54,22562.0,Public,,17.0,49004,MI,42.330089,-85.56635,-5,1,"42.330089,-85.56635"
11395,Augsburg College,Minneapolis,MN,"Minneapolis, MN",0.762,54211.0,52000.0,0.59,3419.0,Private,,13.0,55483,MN,45.015914,-93.47188,-6,1,"45.015914,-93.47188"
11466,Bethany Lutheran College,Mankato,MN,"Mankato, MN",0.726,38820.0,37300.0,0.52,739.0,Private,,9.0,56003,MN,44.184909000000005,-94.04244,-6,1,"44.184909,-94.04244"
11471,Carleton College,Northfield,MN,"Northfield, MN",0.191,74275.0,65600.0,0.94,2097.0,Private,,9.0,1354,MA,42.522178000000004,-72.62416400000001,-5,1,"42.522178,-72.624164"
11478,St Olaf College,Northfield,MN,"Northfield, MN",0.475,62880.0,53700.0,0.88,3048.0,Private,,12.0,1354,MA,42.522178000000004,-72.62416400000001,-5,1,"42.522178,-72.624164"
11485,Concordia College at Moorhead,Moorhead,MN,"Moorhead, MN",0.684,54046.0,48300.0,0.73,2129.0,Private,,11.0,51558,IA,41.911376000000004,-95.86092,-6,1,"41.911376,-95.86092"
11491,Martin Luther College,New Ulm,MN,"New Ulm, MN",0.838,27230.0,38000.0,0.72,972.0,Private,,12.0,56073,MN,44.308395000000004,-94.46149,-6,1,"44.308395,-94.46149"
11493,College of Saint Benedict,Saint Joseph,MN,"Saint Joseph, MN",0.805,60028.0,53700.0,0.83,1782.0,Private,,12.0,61873,IL,40.124202000000004,-88.03401,-6,1,"40.124202,-88.03401"
11507,Saint Johns University,Collegeville,MN,"Collegeville, MN",0.7829999999999999,59572.0,64400.0,0.79,1777.0,Private,,12.0,19426,PA,40.185637,-75.44873,-5,1,"40.185637,-75.44873"
11509,Crown College,Saint Bonifacius,MN,"Saint Bonifacius, MN",0.498,41778.0,36100.0,0.57,1510.0,Private,,19.0,55375,MN,44.906512,-93.7439,-6,1,"44.906512,-93.7439"
11701,Winona State University,Winona,MN,"Winona, MN",0.679,22304.0,46100.0,0.58,7792.0,Public,,19.0,75792,TX,32.476905,-95.13088,-6,1,"32.476905,-95.13088"
11710,Blue Mountain College,Blue Mountain,MS,"Blue Mountain, MS",0.9570000000000001,25825.0,29700.0,0.5,640.0,Private,,14.0,72826,AR,35.161856,-93.65615,-6,1,"35.161856,-93.65615"
11712,Millsaps College,Jackson,MS,"Jackson, MS",0.688,58524.0,50400.0,0.65,865.0,Private,,9.0,39210,MS,32.325012,-90.17902,-6,1,"32.325012,-90.17902"
11776,University of Mississippi,University,MS,"University, MS",0.8809999999999999,25762.0,52700.0,0.61,22456.0,Public,,18.0,38677,MS,34.366302000000005,-89.53721,-6,1,"34.366302,-89.53721"
11777,Mississippi University for Women,Columbus,MS,"Columbus, MS",0.966,20888.0,37800.0,0.43,2711.0,Public,,14.0,68601,NE,41.437838,-97.37191999999999,-6,1,"41.437838,-97.37192"
11864,Capital University,Columbus,OH,"Columbus, OH",0.721,52176.0,47300.0,0.61,3213.0,Private,,11.0,68601,NE,41.437838,-97.37191999999999,-6,1,"41.437838,-97.37192"
11951,Mississippi College,Clinton,MS,"Clinton, MS",0.42,35312.0,44100.0,0.54,5103.0,Private,,14.0,37717,TN,36.110028,-84.167208,-5,1,"36.110028,-84.167208"
11986,Hamilton College,Clinton,NY,"Clinton, NY",0.16399999999999998,72390.0,79000.0,0.92,2005.0,Private,,9.0,37717,TN,36.110028,-84.167208,-5,1,"36.110028,-84.167208"
12021,Mississippi State University,Mississippi State,MS,"Mississippi State, MS",0.539,25904.0,47500.0,0.6,21974.0,Public,,20.0,39762,MS,33.453348999999996,-88.79106999999999,-6,1,"33.453349,-88.79107"
12022,William Carey University,Hattiesburg,MS,"Hattiesburg, MS",0.55,23639.0,40900.0,0.56,5042.0,Private,,14.0,39403,MS,31.356641999999997,-89.38241500000001,-6,1,"31.356642,-89.382415"
12028,Avila University,Kansas City,MO,"Kansas City, MO",0.41100000000000003,32442.0,45100.0,0.51,1649.0,Private,,12.0,64126,MO,39.092304,-94.49948,-6,1,"39.092304,-94.49948"
12124,Rockhurst University,Kansas City,MO,"Kansas City, MO",0.637,54515.0,53500.0,0.7,3145.0,Private,,13.0,64126,MO,39.092304,-94.49948,-6,1,"39.092304,-94.49948"
12220,Fontbonne University,Saint Louis,MO,"Saint Louis, MO",0.787,43190.0,46400.0,0.51,1290.0,Private,,10.0,63196,MO,38.6531,-90.243462,-6,1,"38.6531,-90.243462"
12293,Maryville University of Saint Louis,Saint Louis,MO,"Saint Louis, MO",0.8290000000000001,47542.0,50500.0,0.69,9139.0,Private,,14.0,63196,MO,38.6531,-90.243462,-6,1,"38.6531,-90.243462"
12366,St Louis College of Pharmacy,Saint Louis,MO,"Saint Louis, MO",0.917,47506.0,106500.0,0.73,1195.0,Private,,9.0,63196,MO,38.6531,-90.243462,-6,1,"38.6531,-90.243462"
12439,Washington University in St Louis,Saint Louis,MO,"Saint Louis, MO",0.139,76910.0,82800.0,0.94,15852.0,Private,,8.0,63196,MO,38.6531,-90.243462,-6,1,"38.6531,-90.243462"
12512,Webster University,Saint Louis,MO,"Saint Louis, MO",0.569,46632.0,46800.0,0.63,11406.0,Private,,12.0,63196,MO,38.6531,-90.243462,-6,1,"38.6531,-90.243462"
12585,Missouri University of Science and Technology,Rolla,MO,"Rolla, MO",0.792,23294.0,68400.0,0.64,8601.0,Public,,19.0,65401,MO,37.94384,-91.77105,-6,1,"37.94384,-91.77105"
12590,Northwest Missouri State University,Maryville,MO,"Maryville, MO",0.732,20235.0,41200.0,0.5,6857.0,Public,,21.0,37804,TN,35.781607,-83.93590999999999,-5,1,"35.781607,-83.93591"
12596,Ozark Christian College,Joplin,MO,"Joplin, MO",,23078.0,32200.0,0.49,608.0,Private,,15.0,59531,MT,48.675352000000004,-110.8269,-7,1,"48.675352,-110.8269"
12601,Southwest Baptist University,Bolivar,MO,"Bolivar, MO",0.7090000000000001,35898.0,36700.0,0.5,3357.0,Private,,12.0,15923,PA,40.372103,-79.14574,-5,1,"40.372103,-79.14574"
12607,Stephens College,Columbia,MO,"Columbia, MO",0.562,38612.0,37400.0,0.52,756.0,Private,,9.0,29203,SC,34.066271,-81.02492,-5,1,"34.066271,-81.02492"
12672,Westminster College,Salt Lake City,UT,"Salt Lake City, UT",0.9179999999999999,50276.0,53900.0,0.61,2477.0,Private,,11.0,84112,UT,40.76784,-111.83805,-7,1,"40.76784,-111.83805"
12750,William Jewell College,Liberty,MO,"Liberty, MO",0.461,49248.0,48500.0,0.61,808.0,Private,,10.0,62347,IL,39.876235,-91.1106,-6,1,"39.876235,-91.1106"
12767,Carroll College,Helena,MT,"Helena, MT",0.6890000000000001,50838.0,47500.0,0.63,1335.0,Private,,11.0,64459,MO,39.917997,-94.64152,-6,1,"39.917997,-94.64152"
12782,Montana Tech of the University of Montana,Butte,MT,"Butte, MT",0.91,22808.0,50400.0,0.41,1844.0,Public,,14.0,59703,MT,45.905345000000004,-112.63770500000001,-7,1,"45.905345,-112.637705"
12789,Montana State University,Bozeman,MT,"Bozeman, MT",0.8190000000000001,22813.0,45800.0,0.51,16814.0,Public,,19.0,59717,MT,45.627982,-110.90128,-7,1,"45.627982,-110.90128"
12796,The University of Montana,Missoula,MT,"Missoula, MT",0.94,21668.0,41000.0,0.46,10962.0,Public,,17.0,59807,MT,46.910342,-113.95868600000001,-7,1,"46.910342,-113.958686"
12804,Rocky Mountain College,Billings,MT,"Billings, MT",0.5920000000000001,42574.0,46800.0,0.43,997.0,Private,,11.0,59115,MT,45.978288,-108.19450800000001,-7,1,"45.978288,-108.194508"
12821,Creighton University,Omaha,NE,"Omaha, NE",0.737,56674.0,66600.0,0.78,8910.0,Private,,11.0,68101,NE,41.291736,-96.171104,-6,1,"41.291736,-96.171104"
12874,Hastings College,Hastings,NE,"Hastings, NE",0.6679999999999999,45420.0,45000.0,0.59,1080.0,Private,,13.0,55033,MN,44.726517,-92.86147,-6,1,"44.726517,-92.86147"
12883,University of Nebraska at Kearney,Kearney,NE,"Kearney, NE",0.852,23652.0,43400.0,0.56,6327.0,Public,,14.0,68847,NE,40.709895,-99.05499,-6,1,"40.709895,-99.05499"
12888,Saint Anselm College,Manchester,NH,"Manchester, NH",0.752,61550.0,60100.0,0.74,2024.0,Private,,11.0,3109,NH,42.972584000000005,-71.41349,-5,1,"42.972584,-71.41349"
12918,Caldwell College,Caldwell,NJ,"Caldwell, NJ",0.9329999999999999,54155.0,46800.0,0.63,2189.0,Private,,12.0,43724,OH,39.741628999999996,-81.52512,-5,1,"39.741629,-81.52512"
12928,Centenary College,Hackettstown,NJ,"Hackettstown, NJ",0.75,50140.0,49600.0,0.6,1802.0,Private,,14.0,7840,NJ,40.861748,-74.83054,-5,1,"40.861748,-74.83054"
12929,Monmouth University,West Long Branch,NJ,"West Long Branch, NJ",0.7659999999999999,59054.0,56500.0,0.67,6167.0,Private,,13.0,7764,NJ,40.289984999999994,-74.01671,-5,1,"40.289985,-74.01671"
12930,Princeton University,Princeton,NJ,"Princeton, NJ",0.057999999999999996,74150.0,113900.0,0.97,8374.0,Private,,5.0,4668,ME,45.188555,-67.59063,-5,1,"45.188555,-67.59063"
12953,Ramapo College of New Jersey,Mahwah,NJ,"Mahwah, NJ",0.6559999999999999,32404.0,51400.0,0.73,6174.0,Public,,17.0,7430,NJ,41.077102000000004,-74.16147,-5,1,"41.077102,-74.16147"
12956,Rider University,Lawrenceville,NJ,"Lawrenceville, NJ",0.715,63850.0,53000.0,0.64,4824.0,Private,,11.0,30046,GA,33.960353000000005,-84.037859,-5,1,"33.960353,-84.037859"
12965,Seton Hall University,South Orange,NJ,"South Orange, NJ",0.736,63002.0,62700.0,0.65,10162.0,Private,,14.0,7079,NJ,40.74765,-74.25881,-5,1,"40.74765,-74.25881"
12966,Stevens Institute of Technology,Hoboken,NJ,"Hoboken, NJ",0.4,72034.0,89100.0,0.82,6929.0,Private,,10.0,7030,NJ,40.744851000000004,-74.03294,-5,1,"40.744851,-74.03294"
12968,The Richard Stockton College of New Jersey,Galloway,NJ,"Galloway, NJ",0.763,31364.0,49100.0,0.7,9621.0,Public,,17.0,43119,OH,39.939871000000004,-83.1667,-5,1,"39.939871,-83.1667"
12971,The College of New Jersey,Ewing,NJ,"Ewing, NJ",0.493,36093.0,62100.0,0.86,7686.0,Public,,13.0,68735,NE,42.189510999999996,-98.42285,-6,1,"42.189511,-98.42285"
12976,New Mexico Institute of Mining and Technology,Socorro,NM,"Socorro, NM",0.7979999999999999,22930.0,61800.0,0.47,1895.0,Public,,11.0,87801,NM,33.953237,-106.93722,-7,1,"33.953237,-106.93722"
12977,Adelphi University,Garden City,NY,"Garden City, NY",0.743,61636.0,58400.0,0.66,8146.0,Private,,11.0,11599,NY,40.607574,-73.74269100000001,-5,1,"40.607574,-73.742691"
12994,Albany College of Pharmacy and Health Sciences,Albany,NY,"Albany, NY",0.711,51351.0,111500.0,0.74,1331.0,Private,,9.0,45710,OH,39.202517,-82.21421,-5,1,"39.202517,-82.21421"
13070,SUNY at Albany,Albany,NY,"Albany, NY",0.5429999999999999,27136.0,55800.0,0.67,17944.0,Public,,19.0,45710,OH,39.202517,-82.21421,-5,1,"39.202517,-82.21421"
13146,Barnard College,New York,NY,"New York, NY",0.11800000000000001,78044.0,66900.0,0.9,2562.0,Private,,10.0,10101,NY,40.780751,-73.977182,-5,1,"40.780751,-73.977182"
13313,Columbia University in the City of New York,New York,NY,"New York, NY",0.054000000000000006,79752.0,107600.0,0.95,31077.0,Private,,6.0,10101,NY,40.780751,-73.977182,-5,1,"40.780751,-73.977182"
13480,Cooper Union for the Advancement of Science and Art,New York,NY,"New York, NY",0.155,66713.0,64000.0,0.83,952.0,Private,,9.0,10101,NY,40.780751,-73.977182,-5,1,"40.780751,-73.977182"
13647,Jewish Theological Seminary of America,New York,NY,"New York, NY",0.595,79512.0,,0.83,336.0,Private,,4.0,10101,NY,40.780751,-73.977182,-5,1,"40.780751,-73.977182"
13814,LIM College,New York,NY,"New York, NY",0.835,52250.0,50400.0,0.53,1781.0,Private,,13.0,10101,NY,40.780751,-73.977182,-5,1,"40.780751,-73.977182"
13981,Marymount Manhattan College,New York,NY,"New York, NY",0.7959999999999999,61550.0,44800.0,0.43,2063.0,Private,,11.0,10101,NY,40.780751,-73.977182,-5,1,"40.780751,-73.977182"
14148,The New School,New York,NY,"New York, NY",0.573,73396.0,52700.0,0.62,10544.0,Private,,10.0,10101,NY,40.780751,-73.977182,-5,1,"40.780751,-73.977182"
14315,New York University,New York,NY,"New York, NY",0.162,75502.0,76000.0,0.83,51847.0,Private,,9.0,10101,NY,40.780751,-73.977182,-5,1,"40.780751,-73.977182"
14482,Yeshiva University,New York,NY,"New York, NY",0.5539999999999999,64050.0,72200.0,0.87,6479.0,Private,,7.0,10101,NY,40.780751,-73.977182,-5,1,"40.780751,-73.977182"
14649,Canisius College,Buffalo,NY,"Buffalo, NY",0.8270000000000001,43454.0,49900.0,0.69,3244.0,Private,,11.0,14210,NY,42.866708,-78.83139,-5,1,"42.866708,-78.83139"
14710,D'Youville College,Buffalo,NY,"Buffalo, NY",,,,,,Unknown,,11.0,14210,NY,42.866708,-78.83139,-5,1,"42.866708,-78.83139"
14771,Clarkson University,Potsdam,NY,"Potsdam, NY",0.746,70228.0,70800.0,0.72,4274.0,Private,,14.0,13699,NY,44.496564,-75.072951,-5,1,"44.496564,-75.072951"
14774,Colgate University,Hamilton,NY,"Hamilton, NY",0.226,75015.0,75300.0,0.91,2969.0,Private,,9.0,27840,NC,35.948738,-77.2083,-5,1,"35.948738,-77.2083"
14802,Cornell University,Ithaca,NY,"Ithaca, NY",0.109,76258.0,98400.0,0.93,23600.0,Private,,9.0,48847,MI,43.269967,-84.59181,-5,1,"43.269967,-84.59181"
14808,Elmira College,Elmira,NY,"Elmira, NY",0.8009999999999999,49050.0,46000.0,0.56,892.0,Private,,10.0,26618,WV,38.706016999999996,-80.736884,-5,1,"38.706017,-80.736884"
14818,Fordham University,Bronx,NY,"Bronx, NY",0.45899999999999996,76891.0,64200.0,0.8,16515.0,Private,,15.0,10464,NY,40.857017,-73.78903000000001,-5,1,"40.857017,-73.78903"
14844,Hobart William Smith Colleges,Geneva,NY,"Geneva, NY",0.6609999999999999,74375.0,60200.0,0.8,2241.0,Private,,10.0,31810,GA,32.577909999999996,-84.54513,-5,1,"32.57791,-84.54513"
14856,Hofstra University,Hempstead,NY,"Hempstead, NY",0.685,66260.0,59200.0,0.6,10871.0,Private,,13.0,77445,TX,30.096649,-96.06979,-6,1,"30.096649,-96.06979"
14860,Le Moyne College,Syracuse,NY,"Syracuse, NY",0.736,52040.0,52800.0,0.7,3356.0,Private,,13.0,68446,NE,40.656898999999996,-96.18200999999999,-6,1,"40.656899,-96.18201"
14894,SUNY College of Environmental Science and Forestry,Syracuse,NY,"Syracuse, NY",0.695,29680.0,46200.0,0.71,2220.0,Public,,15.0,68446,NE,40.656898999999996,-96.18200999999999,-6,1,"40.656899,-96.18201"
14928,Syracuse University,Syracuse,NY,"Syracuse, NY",0.444,73069.0,65900.0,0.81,22803.0,Private,,15.0,68446,NE,40.656898999999996,-96.18200999999999,-6,1,"40.656899,-96.18201"
14962,Manhattan College,Riverdale,NY,"Riverdale, NY",,64730.0,66700.0,0.74,4232.0,Private,,13.0,7457,NJ,40.990032,-74.31023,-5,1,"40.990032,-74.31023"
14972,Niagara University,Niagara University,NY,"Niagara University, NY",0.892,49660.0,43100.0,0.64,3763.0,Private,,11.0,14109,NY,43.326840000000004,-78.83068100000001,-5,1,"43.32684,-78.830681"
14973,New York Institute of Technology,Old Westbury,NY,"Old Westbury, NY",0.6779999999999999,59953.0,64900.0,0.45,7173.0,Private,,12.0,11568,NY,40.787368,-73.60119,-5,1,"40.787368,-73.60119"
14974,Roberts Wesleyan College,Rochester,NY,"Rochester, NY",0.6659999999999999,47360.0,44200.0,0.63,1739.0,Private,,12.0,14673,NY,43.286024,-77.684264,-5,1,"43.286024,-77.684264"
15044,Rochester Institute of Technology,Rochester,NY,"Rochester, NY",0.7070000000000001,61474.0,64900.0,0.65,16463.0,Private,,13.0,14673,NY,43.286024,-77.684264,-5,1,"43.286024,-77.684264"
15114,University of Rochester,Rochester,NY,"Rochester, NY",0.297,75190.0,71000.0,0.86,11817.0,Private,,10.0,14673,NY,43.286024,-77.684264,-5,1,"43.286024,-77.684264"
15184,Saint John Fisher College,Rochester,NY,"Rochester, NY",0.645,50300.0,50800.0,0.72,3712.0,Private,,12.0,14673,NY,43.286024,-77.684264,-5,1,"43.286024,-77.684264"
15254,St Lawrence University,Canton,NY,"Canton, NY",0.424,73045.0,53100.0,0.86,2522.0,Private,,11.0,28716,NC,35.503301,-82.85103000000001,-5,1,"35.503301,-82.85103"
15295,Sarah Lawrence College,Bronxville,NY,"Bronxville, NY",0.531,74740.0,44100.0,0.78,1709.0,Private,,9.0,10708,NY,40.939049,-73.83099,-5,1,"40.939049,-73.83099"
15296,Skidmore College,Saratoga Springs,NY,"Saratoga Springs, NY",0.3,74140.0,54400.0,0.86,2613.0,Private,,8.0,12866,NY,43.080399,-73.77038,-5,1,"43.080399,-73.77038"
15297,SUNY College of Technology at Alfred,Alfred,NY,"Alfred, NY",0.667,26211.0,42100.0,0.49,3737.0,Public,,18.0,4002,ME,43.490939000000004,-70.6884,-5,1,"43.490939,-70.6884"
15299,Farmingdale State College,Farmingdale,NY,"Farmingdale, NY",0.5489999999999999,25156.0,53500.0,0.46,9970.0,Public,,20.0,11735,NY,40.725968,-73.44151,-5,1,"40.725968,-73.44151"
15305,SUNY at Binghamton,Vestal,NY,"Vestal, NY",0.405,28269.0,64500.0,0.81,17768.0,Public,,19.0,13850,NY,42.075874,-76.02837,-5,1,"42.075874,-76.02837"
15307,Stony Brook University,Stony Brook,NY,"Stony Brook, NY",0.441,27221.0,59300.0,0.68,26256.0,Public,,18.0,11790,NY,40.906174,-73.12748,-5,1,"40.906174,-73.12748"
15309,SUNY College at Cortland,Cortland,NY,"Cortland, NY",0.46,25744.0,47300.0,0.7,6858.0,Public,,16.0,44410,OH,41.333312,-80.7264,-5,1,"41.333312,-80.7264"
15314,SUNY at Fredonia,Fredonia,NY,"Fredonia, NY",0.711,23969.0,42300.0,0.66,4655.0,Public,,14.0,14063,NY,42.425683,-79.3371,-5,1,"42.425683,-79.3371"
15323,State University of New York at New Paltz,New Paltz,NY,"New Paltz, NY",0.452,26230.0,47400.0,0.73,7608.0,Public,,16.0,12561,NY,41.751566,-74.09475,-5,1,"41.751566,-74.09475"
15324,SUNY College at Oswego,Oswego,NY,"Oswego, NY",0.541,25507.0,44800.0,0.65,7986.0,Public,,17.0,13126,NY,43.449201,-76.47991999999999,-5,1,"43.449201,-76.47992"
15327,SUNY College at Plattsburgh,Plattsburgh,NY,"Plattsburgh, NY",0.585,26662.0,44000.0,0.63,5704.0,Public,,16.0,12903,NY,44.683468,-73.44639000000001,-5,1,"44.683468,-73.44639"
15329,United States Military Academy,West Point,NY,"West Point, New York",0.12,0.0,,,4589.0,Public,,7.0,40179,KY,37.998628000000004,-85.946585,-5,1,"37.998628,-85.946585"
15344,Vassar College,Poughkeepsie,NY,"Poughkeepsie, NY",0.237,75240.0,58400.0,0.91,2456.0,Private,,8.0,72569,AR,36.085113,-91.46585999999999,-6,1,"36.085113,-91.46586"
15349,Appalachian State University,Boone,NC,"Boone, NC",0.768,19715.0,41600.0,0.7,19108.0,Public,,16.0,28607,NC,36.21277,-81.66255,-5,1,"36.21277,-81.66255"
15354,Cabarrus College of Health Sciences,Concord,NC,"Concord, NC",0.276,30494.0,44900.0,0.38,433.0,Private,,7.0,94524,CA,37.777208,-121.955399,-8,1,"37.777208,-121.955399"
15379,Campbell University,Buies Creek,NC,"Buies Creek, NC",0.777,52420.0,55500.0,0.52,6448.0,Private,,15.0,27506,NC,35.406513000000004,-78.73848000000001,-5,1,"35.406513,-78.73848"
15380,Davidson College,Davidson,NC,"Davidson, NC",0.18100000000000002,70744.0,63500.0,0.93,1843.0,Private,,9.0,28036,NC,35.490772,-80.82576,-5,1,"35.490772,-80.82576"
15382,Duke University,Durham,NC,"Durham, NC",0.076,77029.0,108900.0,0.95,16606.0,Private,,7.0,27704,NC,36.034561,-78.86891999999999,-5,1,"36.034561,-78.86892"
15408,Mars Hill University,Mars Hill,NC,"Mars Hill, NC",0.633,45896.0,32300.0,0.35,1154.0,Private,,11.0,4758,ME,46.512409000000005,-67.86655,-5,1,"46.512409,-67.86655"
15410,Meredith College,Raleigh,NC,"Raleigh, NC",0.647,52670.0,40000.0,0.62,1905.0,Private,,12.0,27622,NC,35.797692,-78.625265,-5,1,"35.797692,-78.625265"
15459,North Carolina State University at Raleigh,Raleigh,NC,"Raleigh, NC",0.451,24259.0,57200.0,0.75,35479.0,Public,,13.0,27622,NC,35.797692,-78.625265,-5,1,"35.797692,-78.625265"
15508,University of North Carolina at Asheville,Asheville,NC,"Asheville, NC",0.84,20555.0,37900.0,0.62,3762.0,Public,,13.0,28815,NC,35.620335,-82.52855799999999,-5,1,"35.620335,-82.528558"
15521,University of North Carolina at Chapel Hill,Chapel Hill,NC,"Chapel Hill, NC",0.226,24228.0,66100.0,0.9,30011.0,Public,,13.0,27599,NC,36.05251,-79.107692,-5,1,"36.05251,-79.107692"
15527,University of North Carolina at Charlotte,Charlotte,NC,"Charlotte, NC",0.65,25019.0,48600.0,0.54,29710.0,Public,,19.0,28218,NC,35.260020000000004,-80.804151,-5,1,"35.26002,-80.804151"
15610,Queens University of Charlotte,Charlotte,NC,"Charlotte, NC",0.652,50590.0,44100.0,0.57,2536.0,Private,,10.0,28218,NC,35.260020000000004,-80.804151,-5,1,"35.26002,-80.804151"
15693,University of North Carolina at Greensboro,Greensboro,NC,"Greensboro, NC",0.825,19937.0,39100.0,0.56,20106.0,Public,,18.0,27429,NC,36.080707000000004,-80.0244,-5,1,"36.080707,-80.0244"
15730,Warren Wilson College,Swannanoa,NC,"Swannanoa, NC",0.846,52504.0,30800.0,0.52,741.0,Private,,9.0,28778,NC,35.60243,-82.40531,-5,1,"35.60243,-82.40531"
15731,Wingate University,Wingate,NC,"Wingate, NC",0.887,50370.0,52900.0,0.52,3689.0,Private,,16.0,28174,NC,34.981605,-80.44305,-5,1,"34.981605,-80.44305"
15735,Western Carolina University,Cullowhee,NC,"Cullowhee, NC",0.687,18740.0,39100.0,0.58,11639.0,Public,,17.0,28723,NC,35.256240999999996,-83.14464,-5,1,"35.256241,-83.14464"
15736,University of Mary,Bismarck,ND,"Bismarck, ND",0.735,30500.0,51900.0,0.52,3796.0,Private,,14.0,58507,ND,46.980475,-100.52006300000001,-6,1,"46.980475,-100.520063"
15746,Minot State University,Minot,ND,"Minot, ND",0.667,19386.0,45200.0,0.42,3189.0,Public,,12.0,2055,MA,41.970473999999996,-70.701357,-5,1,"41.970474,-70.701357"
15753,Ashland University,Ashland,OH,"Ashland, OH",0.7120000000000001,35828.0,40400.0,0.57,6627.0,Private,,16.0,4752,ME,46.602477,-68.410131,-5,1,"46.602477,-68.410131"
15776,Kennesaw State University,Kennesaw,GA,"Kennesaw, Georgia",0.625,18879.0,,,,Public,,,30152,GA,34.002146999999994,-84.63391999999999,-5,1,"34.002147,-84.63392"
15778,Southern Polytechnic State University,Marietta,GA,"Marietta, Georgia",0.79,15929.0,,,,Public,,,38856,MS,34.481995,-88.45205,-6,1,"34.481995,-88.45205"
